{
  "foods": 314,
  "nutrients": 18,
  "diseases": 154,
  "total_triples": 15533,
  "mrr": 0.032615259289741516,
  "hits_at_10": 0.05186170212765957
}