{
  "foods": 314,
  "nutrients": 18,
  "diseases": 188,
  "total_triples": 21682,
  "predicted_for_triples": 1386,
  "mrr": 0.952540397644043,
  "hits_at_10": 0.984167517875383
}